account_number,bank_code,amount,reference_id
862000745604,BK759,45549,REF3196
5689056410,BK899,7501,REF8165
778801166749,BK243,50202,REF1301
743737180830,BK543,80405,REF8527
5691994171,BK040,63898,REF7381
1955035205,BK229,73619,REF1646
558356039532,BK548,9087,REF9789
10113791905,BK920,20963,REF9853
922904195971,BK223,76929,REF5330
120446940193,BK006,67899,REF8003
400088002814,BK322,23831,REF4537
749872079640,BK468,37577,REF5558
5729348603,BK732,24870,REF7579
981102221043,BK075,21205,REF9474
42845285260,BK004,77485,REF5082
9629288935,BK847,90884,REF5183
45174142007,BK646,87276,REF9652
40415555019,BK118,21437,REF4754
85430724812,BK881,27093,REF2724
53345040782,BK606,87056,REF2376
7165491195,BK504,57382,REF9706
1727503771,BK998,44074,REF9894
71831195157,BK947,7823,REF2653
45289966241,BK574,31608,REF3066
9522967128,BK441,93116,REF1022
1015089820,BK194,27092,REF3460
4800252648,BK847,29251,REF6926
180499261902,BK715,96224,REF7251
589270863271,BK392,44579,REF8295
920946691430,BK026,11755,REF4300
51169950502,BK435,26039,REF7279
181530337378,BK173,13035,REF9553
82820595540,BK300,14298,REF8353
47668652461,BK645,89196,REF4727
423069927191,BK326,6550,REF7272
31164725388,BK410,97778,REF6995
741926223895,BK118,81968,REF1514
866091730391,BK836,68888,REF1448
8621774327,BK787,41856,REF7019
167963612989,BK724,75942,REF6343
8559487090,BK225,17492,REF9033
235720090135,BK532,23421,REF3520
226962516076,BK113,50985,REF4081
4525131177,BK140,60555,REF2428
3240528176,BK559,78807,REF4967
324482965853,BK001,52317,REF7445
37312001214,BK090,3103,REF3159
7406219314,BK654,77268,REF6132
40519845122,BK320,22052,REF3547
67464809588,BK550,52940,REF3979
19986387627,BK805,44423,REF3649
1242913692,BK894,93633,REF9505
88829926115,BK139,97893,REF4083
1579622523,BK511,33766,REF2037
28483692432,BK868,53278,REF4489
587123712657,BK845,39224,REF8604
127163370783,BK259,81881,REF8544
3181579919,BK673,28612,REF3634
756255393863,BK902,53341,REF4983
255851123843,BK690,48911,REF2778
97088326334,BK010,99996,REF8902
6770365057,BK261,63426,REF6110
95994996250,BK919,32206,REF6189
63604458985,BK650,5636,REF8378
55799813440,BK172,7434,REF2124
14258660665,BK898,12867,REF1697
21096745743,BK013,19992,REF3179
89598689330,BK168,76971,REF6251
15871484301,BK642,1990,REF2929
7375648281,BK596,48300,REF2013
684981652465,BK321,26441,REF1226
71424396584,BK319,84986,REF8321
63964460045,BK613,82721,REF2828
14267941280,BK329,26395,REF8909
78370407338,BK785,38168,REF6588
66704317767,BK777,23029,REF3023
76390641302,BK971,18649,REF5966
975174886664,BK911,85540,REF6891
250778258401,BK920,99921,REF2080
67964038925,BK550,21573,REF6036
817760220070,BK419,39351,REF3563
9323705505,BK606,5786,REF4292
39513755295,BK095,36454,REF4586
9719437424,BK817,68926,REF5431
4232356746,BK581,8721,REF7841
73866479520,BK318,74328,REF7643
997306199376,BK956,82980,REF4959
8182169869,BK236,85563,REF1161
39230701359,BK946,30717,REF1593
4466987029,BK334,39120,REF4390
9151583133,BK885,61798,REF6997
1901202849,BK376,82889,REF7354
1578633062,BK459,38837,REF1663
815990253125,BK137,5665,REF1541
8383947098,BK930,44869,REF6433
7225997257,BK588,53635,REF6093
7826407682,BK995,52108,REF1867
527157947836,BK547,15261,REF9623
3807670067,BK513,536,REF6469
1595745925,BK296,68770,REF7256
352679943026,BK320,47847,REF2169
558259512974,BK918,11546,REF1830
809841793539,BK572,28551,REF2651
5578741474,BK832,79093,REF2136
161049667424,BK349,51037,REF3810
808735738138,BK840,34541,REF9667
1921937076,BK779,8722,REF2019
261650404768,BK873,65465,REF6237
3828129336,BK229,74754,REF2283
25160260578,BK270,5119,REF1659
632741486517,BK828,49278,REF3010
77659311294,BK798,54625,REF9590
4147362701,BK291,82513,REF2733
450414573447,BK725,29769,REF3125
5557822411,BK165,85718,REF3171
98779400348,BK005,60122,REF9266
7224846889,BK851,26599,REF4471
638868590804,BK379,30025,REF6624
526676981958,BK078,29019,REF9691
90041976875,BK410,83319,REF9329
4485524304,BK574,62056,REF3097
727658812747,BK132,26153,REF6068
70796928699,BK601,6164,REF7397
528654462544,BK749,21814,REF3757
815319492029,BK042,41698,REF4920
7829089023,BK089,64298,REF9186
301386825058,BK402,51205,REF2900
5784291075,BK296,20591,REF3610
486528650073,BK840,52658,REF7900
65718545501,BK295,30097,REF2449
627389630417,BK616,49940,REF9738
5981856100,BK526,32991,REF6017
6492451940,BK800,69308,REF8999
51017448492,BK691,46177,REF7052
223761301174,BK637,75314,REF3096
360549523804,BK422,43418,REF9895
36849059759,BK865,39509,REF7404
299602256739,BK023,52279,REF4331
331914281158,BK575,38569,REF8462
4141471336,BK143,74329,REF6105
198730734707,BK993,95327,REF3978
622149788499,BK665,96357,REF3839
54033387399,BK145,48797,REF4384
44248590545,BK225,35498,REF1685
5951365532,BK503,74451,REF8531
905559125466,BK962,74673,REF5283
562417765956,BK974,22441,REF8736
378369059062,BK821,61691,REF8710
1011037047,BK616,63493,REF2619
1164446942,BK104,49163,REF7868
40171220584,BK947,6378,REF2431
1462429299,BK039,27434,REF5713
657114405788,BK947,45014,REF5998
232793452490,BK198,83879,REF1162
2573008591,BK646,88662,REF2974
797828758558,BK579,56995,REF4291
794587215288,BK391,50079,REF9461
4433838852,BK179,52336,REF1631
7774538861,BK968,81071,REF1905
287203411204,BK554,23408,REF3014
766171036110,BK448,98403,REF8896
579594036451,BK500,50871,REF1204
96937702730,BK015,75907,REF1581
94557860919,BK623,81915,REF6675
80337927688,BK669,68587,REF6347
6446042996,BK289,65651,REF3643
30187415994,BK478,9088,REF9017
4001200865,BK231,25013,REF3297
2966945052,BK923,62778,REF1874
49803640293,BK420,51057,REF6560
26081753901,BK157,71636,REF1689
48425724825,BK550,57670,REF5000
419378976790,BK441,49796,REF1671
78546713142,BK097,1935,REF8927
542354547359,BK997,83986,REF2171
1836935141,BK411,26025,REF6591
198862271753,BK951,33330,REF7342
82671856560,BK289,64891,REF2449
8757378460,BK254,90837,REF3539
6885397762,BK196,26299,REF4959
8488770655,BK598,3399,REF7285
293288132849,BK834,25693,REF6432
47385797112,BK522,13639,REF5260
2560189263,BK517,61560,REF3361
2210183598,BK635,24836,REF7164
2595473798,BK842,26640,REF4670
288490237946,BK865,98772,REF2753
405530888215,BK118,46173,REF9100
49854108680,BK806,98521,REF2938
778573345539,BK909,66445,REF9562
1492157527,BK159,11663,REF6976
65976654973,BK815,27971,REF7588
5708835687,BK228,81951,REF9616
1346642265,BK877,74147,REF7304
681070915714,BK216,33672,REF8345
78758999620,BK948,98828,REF8875
376575378073,BK696,56456,REF7633
636145441109,BK015,21298,REF1597
28008606431,BK157,95091,REF4062
8118046389,BK648,36887,REF3336
1405568029,BK261,15323,REF1572
40518213761,BK157,80895,REF8521
5856200802,BK047,72725,REF7171
25002114520,BK324,10336,REF8097
35502595048,BK844,1570,REF3090
467289504511,BK685,79158,REF7566
72670819379,BK130,83196,REF5624
886819380039,BK411,26755,REF2633
6646050578,BK095,31900,REF2517
1872309375,BK627,20032,REF4648
6902723682,BK755,52589,REF2537
8266971281,BK932,70326,REF4137
681726001215,BK292,83857,REF7985
2408163564,BK794,28390,REF1097
67961537792,BK811,2366,REF4750
53180069293,BK283,70336,REF9535
81007857859,BK069,92457,REF9174
275405132406,BK660,89909,REF9103
8891016789,BK011,20059,REF6413
7417970918,BK254,75727,REF5666
6403326117,BK842,16092,REF1610
568049327747,BK872,671,REF2727
82140894836,BK550,37422,REF2854
82025843761,BK134,2930,REF6055
9553024688,BK712,91204,REF3324
66293495359,BK023,60325,REF6774
79497769564,BK815,79571,REF7519
648405474275,BK346,8956,REF2749
460122639971,BK302,94252,REF1781
878252050461,BK363,45510,REF8548
656499564637,BK396,16319,REF7823
3179540101,BK218,55240,REF3105
640668380317,BK141,98666,REF4867
39847805425,BK616,30037,REF8193
6386351238,BK958,72551,REF5976
91686952474,BK210,59331,REF3113
19414842446,BK985,966,REF6879
45808936377,BK993,74141,REF4970
847645912207,BK623,47918,REF8264
979059543784,BK616,78349,REF2577
9093571944,BK828,25973,REF3274
2304796281,BK683,39453,REF5869
567316206367,BK460,99269,REF7744
34723303162,BK356,39073,REF3426
1830092969,BK324,80828,REF6546
923297529659,BK133,4713,REF7852
210134462886,BK888,65138,REF3551
728827532137,BK805,72109,REF7411
52030110400,BK840,25859,REF1007
371011299379,BK127,31870,REF9087
800399705205,BK106,31595,REF3555
591679072785,BK604,22025,REF1475
906262353714,BK799,77549,REF6416
4676406787,BK378,43595,REF9676
3767392909,BK905,26968,REF8239
366516489857,BK051,26027,REF7710
56800803788,BK029,76717,REF6000
8032789076,BK462,45360,REF5654
222908178739,BK296,12211,REF9078
6995297443,BK297,29436,REF7063
7913570930,BK726,17788,REF3285
81771814266,BK779,45251,REF6223
255554167896,BK407,42239,REF7971
803933280128,BK769,86662,REF4525
91933815991,BK814,48374,REF3822
82274372121,BK613,98843,REF5943
325457557969,BK405,84888,REF7530
656286311504,BK346,57066,REF1258
45031959662,BK622,27500,REF1282
8471382612,BK420,19985,REF2898
4661554508,BK182,26733,REF5135
16064766439,BK983,23289,REF7629
3778194895,BK825,78311,REF4200
87007116559,BK001,11571,REF6110
2798032976,BK831,66071,REF8167
9791021949,BK950,88407,REF1612
195362122765,BK567,49163,REF1687
582803490510,BK371,33152,REF4690
7090765600,BK936,26926,REF9804
4379361889,BK911,64334,REF3307
675377798931,BK661,44975,REF8133
984574710206,BK431,4658,REF7509
540847273362,BK969,35143,REF6906
51161583403,BK309,50687,REF3591
8736206460,BK137,96069,REF8183
396557927384,BK202,94598,REF6248
3127482560,BK436,99960,REF9766
17649450568,BK313,98327,REF6108
21367466437,BK117,70145,REF4604
127999080264,BK666,35056,REF1669
29480325907,BK937,47074,REF5364
5400929962,BK803,69360,REF8329
954177571545,BK575,45903,REF2283
8132451557,BK244,61282,REF1923
4287017657,BK537,92162,REF2125
57337232832,BK602,67659,REF2529
73041209684,BK075,64684,REF9438
95845204238,BK806,13770,REF4711
43802984513,BK386,21937,REF9004
96247312858,BK903,86485,REF7274
836809156127,BK210,61377,REF4864
6361989606,BK475,97965,REF8833
4223002333,BK418,12598,REF7788
9149187599,BK347,52243,REF1226
3957394935,BK529,44748,REF1264
56254651385,BK640,33407,REF1645
2237845614,BK939,82199,REF8544
801954455817,BK955,76377,REF6569
116126656686,BK876,71270,REF3990
1867528151,BK763,76629,REF3504
4242144711,BK179,19826,REF1587
567334030858,BK182,42250,REF5079
107775192743,BK664,6286,REF4348
41271704922,BK025,79540,REF7299
177023397368,BK967,23509,REF4831
77852367504,BK180,88586,REF9381
62664877886,BK710,82505,REF2715
21749397498,BK501,71645,REF7450
15243240500,BK856,85122,REF6433
64178331004,BK161,35956,REF2098
9162290537,BK177,55214,REF8096
202854793430,BK285,51896,REF3326
35239717876,BK063,71662,REF7416
384098116566,BK662,15573,REF7980
999173032937,BK666,92334,REF7763
68822241011,BK156,92474,REF2674
6085193588,BK882,9857,REF8950
50413394096,BK469,26165,REF9915
4789162989,BK049,79681,REF7049
691540361973,BK967,83320,REF2089
8968414242,BK849,67288,REF5578
9057009166,BK084,18319,REF1155
7483934208,BK361,629,REF2958
985698639403,BK689,83204,REF7344
439719404880,BK148,50118,REF6779
2988248555,BK630,34717,REF7144
1351858874,BK342,20347,REF6063
35713620124,BK476,81547,REF4830
6141515294,BK063,66514,REF9831
14973035263,BK701,47624,REF7659
2516689393,BK360,91438,REF1441
56470591791,BK561,91165,REF7040
501535302347,BK327,291,REF6925
4301307687,BK769,27430,REF8358
5125949032,BK736,80906,REF5628
2718907299,BK141,39040,REF7370
6050849119,BK990,1068,REF1948
44580969290,BK215,86223,REF9179
3979340029,BK435,76270,REF7115
155409857847,BK891,28414,REF1459
406231147604,BK952,29866,REF8568
3106663761,BK723,9210,REF5646
440824753151,BK318,64188,REF1392
2469594191,BK032,34007,REF2787
2345134052,BK670,25621,REF8374
747663163154,BK285,41245,REF2138
3129293681,BK305,35067,REF5741
661852384982,BK429,1249,REF8418
22647690082,BK477,65671,REF7362
9031865949,BK286,45282,REF3454
84537349642,BK144,89403,REF4674
148860790697,BK424,61222,REF2377
86956893407,BK019,15408,REF7701
82102303453,BK018,56513,REF3597
737702095361,BK769,6648,REF1141
21740734444,BK590,6580,REF3659
83783031861,BK371,68795,REF5596
783931508947,BK175,9120,REF6661
52491980770,BK194,79151,REF7142
237551138128,BK502,12125,REF6626
12068425777,BK988,39072,REF9787
112392081412,BK113,22921,REF9472
699674005629,BK114,32566,REF1423
47664500962,BK222,78141,REF7999
60671648406,BK678,1979,REF5249
31380684709,BK947,43763,REF2750
9602427837,BK831,82821,REF5757
2758672360,BK644,4480,REF2967
4330065696,BK897,10235,REF5088
592929966779,BK264,23206,REF5178
32695441740,BK925,13679,REF8789
547140783352,BK055,37390,REF3946
8403717725,BK871,48330,REF6394
91097223130,BK643,47424,REF8880
836183701238,BK800,15587,REF6075
52672840397,BK778,88019,REF8230
647615029752,BK458,55419,REF2531
30732707471,BK979,28635,REF3990
7851062130,BK878,81050,REF8155
4367823500,BK162,24099,REF5493
58878228151,BK380,36497,REF1933
114010209281,BK993,65848,REF2460
5405842138,BK087,97009,REF3723
7831715290,BK055,94805,REF1285
5143337388,BK476,50148,REF1264
51792703165,BK800,42833,REF7816
78147532529,BK178,37218,REF2762
264209478485,BK391,54071,REF1040
152514974526,BK349,30669,REF6827
669028371557,BK008,31900,REF9259
99107193230,BK833,79144,REF1987
39374564229,BK313,47065,REF8804
533301567342,BK759,19518,REF8789
471616473677,BK835,42297,REF6717
99858890591,BK984,78926,REF4198
134630530364,BK983,26994,REF6374
4715956952,BK443,8135,REF5790
41568714895,BK767,36069,REF8183
217651953777,BK328,69579,REF3524
18979314434,BK054,17097,REF3479
3776664287,BK761,5714,REF6154
10389627733,BK239,60586,REF1778
52620535418,BK229,73394,REF2492
43681846320,BK579,87138,REF1660
35020677313,BK051,72470,REF2348
2272875326,BK609,27218,REF8851
18821128216,BK604,85160,REF8156
61117674871,BK264,66034,REF3044
359366764048,BK418,39892,REF8368
79179995711,BK803,25933,REF4516
907856591013,BK096,29175,REF5577
9669942793,BK088,67213,REF1727
4987062387,BK078,91759,REF8468
2868344551,BK288,4124,REF1342
7262854029,BK120,64975,REF2447
304576318330,BK814,36331,REF7581
39370484396,BK491,73307,REF7317
8647971511,BK912,96662,REF1526
69493836513,BK452,99314,REF7748
577985104848,BK500,25436,REF1405
646782013068,BK165,17782,REF8986
291864350090,BK182,3722,REF4740
2916582833,BK469,1377,REF2846
93143595072,BK910,91746,REF2478
13958701682,BK735,51934,REF1771
14591786201,BK823,3736,REF6525
739994953773,BK944,89162,REF9770
5042950708,BK978,27733,REF1193
313569341233,BK007,9118,REF3007
219866098895,BK330,77724,REF2185
47049050373,BK775,35653,REF3394
467255496402,BK673,31334,REF5005
10009507361,BK151,83370,REF8429
2629013035,BK085,8937,REF3261
35865545165,BK147,93690,REF4736
5220186907,BK624,96556,REF7716
61993803157,BK381,22453,REF5875
572929894523,BK915,79983,REF9921
718697613783,BK548,63459,REF5378
5279768319,BK285,76753,REF8815
2008375759,BK700,60243,REF4451
6268498454,BK082,25547,REF8616
94582418989,BK514,77586,REF3800
53723991671,BK897,22622,REF9333
2673219702,BK815,93987,REF6410
125237776445,BK709,6481,REF2455
41027984158,BK916,35641,REF7892
12703590185,BK523,92069,REF6808
92447590201,BK746,31358,REF7796
3372455747,BK386,64742,REF5796
3093100933,BK707,1187,REF6093
2677773674,BK471,4770,REF2325
3568062623,BK119,32789,REF5976
3711576462,BK396,21646,REF2159
960991127639,BK532,81899,REF5650
271175156210,BK261,53561,REF5987
4298549759,BK805,11566,REF5697
22930087546,BK934,27608,REF1340
1930046287,BK256,11573,REF4828
747169788051,BK734,46829,REF2968
322551518601,BK905,73780,REF1703
42771284639,BK226,91065,REF6482
371349193523,BK053,26976,REF7376
7781015927,BK940,81719,REF2800
47951554279,BK867,59899,REF6463
8779187155,BK500,26997,REF5912
1344006570,BK506,78724,REF5648
53074843955,BK854,58358,REF1855
7880336614,BK364,24606,REF3866
181123275536,BK280,33184,REF1182
7723173761,BK593,64116,REF4112
56967071650,BK714,69977,REF6670
97879262740,BK158,59192,REF5492
38696920025,BK632,93310,REF6823
7086901225,BK059,87173,REF2517
61744218730,BK727,39320,REF6002
86371149242,BK128,56098,REF2356
5145511556,BK736,8916,REF4629
449925930683,BK721,36924,REF4628
5283645849,BK882,45389,REF9210
88209398614,BK115,78622,REF7132
48611807673,BK209,37660,REF7588
4964647287,BK526,46891,REF4311
467954084957,BK521,46423,REF7048
27787387536,BK552,6022,REF7246
93766129155,BK962,50125,REF1987
90111905501,BK237,7161,REF4321
9053455838,BK281,57726,REF5615
46229098193,BK359,93757,REF9365
552972226350,BK201,92663,REF4741
61589887767,BK758,36388,REF4052
39854680452,BK278,42662,REF7574
438599326537,BK235,72440,REF1726
28363820897,BK494,13477,REF4760
4036306543,BK004,31020,REF6806
6433448734,BK666,54701,REF2875
1349518694,BK442,64167,REF7993
971527439063,BK029,12299,REF5033
82718570021,BK109,44986,REF6443
6148858901,BK610,43606,REF1989
161091174472,BK727,23181,REF4744
39785868363,BK805,86375,REF9611
799186906417,BK075,99600,REF1593
7746406225,BK838,44149,REF2774
5630842220,BK146,48723,REF1935
3937212819,BK128,29744,REF4808
212867607809,BK853,72598,REF1331
383004671429,BK042,63656,REF8922
9573489516,BK356,3664,REF3702
245921098506,BK041,89032,REF6889
7066490915,BK934,18753,REF6054
9067397740,BK034,48378,REF4868
15777542863,BK017,90035,REF5200
283474281369,BK677,74182,REF1201
3594210252,BK153,6451,REF3497
6138757564,BK998,24621,REF2842
389742589840,BK378,12159,REF5658
77195457124,BK588,59199,REF8544
83347495520,BK599,21685,REF8718
3322498710,BK629,71041,REF1770
450701521914,BK874,42678,REF4155
80066138060,BK342,13683,REF2628
614748871026,BK981,76676,REF1386
161813208004,BK027,88214,REF7031
6668148448,BK825,80768,REF7439
73405780703,BK287,65439,REF7401
7856917991,BK646,23679,REF5008
95755303741,BK731,34078,REF3466
81115107736,BK168,88799,REF3282
52348579831,BK610,9445,REF2856
58979939923,BK268,94098,REF8980
89672680299,BK749,52259,REF2998
956665831613,BK821,37394,REF6476
8851950308,BK455,81939,REF5669
689193352147,BK906,76163,REF5318
90143951516,BK685,75398,REF8064
6467812518,BK401,31411,REF8446
66719150308,BK922,71841,REF2431
6397328976,BK981,34094,REF6624
908009289772,BK476,55836,REF8461
1969006497,BK702,36461,REF2819
1191443131,BK634,7237,REF2130
6046800965,BK558,31920,REF7563
5540815316,BK576,36051,REF3658
9700098816,BK130,88930,REF4500
77780994343,BK822,65691,REF9566
9144013881,BK363,81581,REF3120
1777285295,BK705,65491,REF5020
167795012437,BK819,68586,REF4259
3235547127,BK693,64184,REF2823
540203054694,BK292,26170,REF2474
47971735720,BK371,17643,REF3242
8883629444,BK794,94890,REF4243
661961153672,BK029,17024,REF7990
277192176422,BK149,80542,REF6160
31893647461,BK779,49114,REF4134
1752075203,BK296,41631,REF3070
6487677946,BK011,77241,REF1359
698746007373,BK512,68398,REF2141
9210796004,BK676,16024,REF2635
297902513924,BK113,92588,REF5000
2049075830,BK187,33765,REF4361
869520558747,BK807,40400,REF7583
2674205719,BK744,23721,REF8835
75104041358,BK227,91668,REF1006
7254615630,BK310,58003,REF4267
3720540840,BK098,74706,REF7564
66662126088,BK055,27223,REF5928
8588394994,BK623,57794,REF3606
80168278920,BK664,7431,REF6906
7796360872,BK758,86946,REF4273
209500646548,BK406,99083,REF8611
286243197138,BK069,17737,REF1913
1749772891,BK312,4368,REF3011
8755919909,BK289,65118,REF2442
8623125141,BK762,94028,REF6546
172165332358,BK548,32127,REF2829
6907227348,BK751,88710,REF9767
732740525361,BK148,31920,REF7468
87313025867,BK467,98042,REF1929
118072742018,BK739,55764,REF4699
510011829412,BK244,62448,REF2054
65740492322,BK491,29381,REF6744
769861833172,BK849,51511,REF2900
8891913287,BK958,60956,REF7980
5826141451,BK507,38477,REF8069
855944775928,BK365,17635,REF4415
4576537730,BK482,33903,REF1442
914778660619,BK201,76339,REF7218
1845175714,BK154,31017,REF5652
3173240755,BK450,91312,REF8939
902663640748,BK501,39542,REF8833
5181003572,BK073,54263,REF8597
915896552133,BK713,12333,REF5458
3814222987,BK296,73389,REF7591
6385247853,BK017,14220,REF3309
29321599299,BK641,16466,REF7268
34706755108,BK217,31377,REF1910
235107560373,BK061,54634,REF5340
66980784269,BK939,10116,REF5009
438605177686,BK616,68018,REF7628
93321223178,BK042,72250,REF3169
7939385330,BK025,64325,REF3172
838907484310,BK039,69259,REF6668
717906017606,BK803,70597,REF7313
4951569805,BK131,10766,REF9315
586143175659,BK498,68021,REF9036
678876637408,BK229,36388,REF7789
69075697601,BK108,4265,REF1785
582069082032,BK172,14494,REF7139
7808966056,BK435,56559,REF7344
53450918674,BK478,34513,REF3416
60892938719,BK102,73804,REF9988
7973340297,BK866,45123,REF5154
9906003131,BK524,74079,REF6619
17862367763,BK275,98127,REF2936
542222002476,BK613,5259,REF4807
57267900544,BK044,19211,REF8151
2438281783,BK955,58586,REF4236
38729067488,BK817,9696,REF3352
3081108249,BK957,53373,REF2932
37792258309,BK017,97553,REF9556
237640936231,BK330,671,REF5916
30602752125,BK569,44853,REF6498
92818492313,BK823,95683,REF1946
6213788875,BK497,60973,REF2439
1829488038,BK815,42838,REF8730
6624842863,BK012,48614,REF5857
78077151945,BK318,10536,REF1340
354363568836,BK592,68920,REF1382
1422985072,BK216,25602,REF9491
4019770562,BK339,28992,REF1138
92095525380,BK776,217,REF1358
7835036412,BK991,88743,REF5931
209340038791,BK661,98946,REF4456
134533389040,BK081,68629,REF2627
7940715325,BK727,29338,REF7626
3255591837,BK485,46489,REF6004
17215247445,BK374,20113,REF7652
269692874939,BK976,39901,REF7416
591316582000,BK710,10764,REF4170
3117100562,BK200,99993,REF4835
38123282963,BK537,81447,REF9017
435047318697,BK466,98550,REF3151
387435154552,BK089,72992,REF7905
31424470761,BK268,55932,REF3834
26671292914,BK655,48241,REF3567
458416593012,BK571,29311,REF2307
124754889106,BK922,91662,REF9848
34396692222,BK489,62721,REF3660
440613794362,BK877,41333,REF4730
7434577823,BK538,18762,REF7207
4230274314,BK047,97922,REF4162
31878603723,BK288,82215,REF2140
57278273521,BK778,98462,REF9458
97760122571,BK016,13405,REF2708
8072919090,BK711,85967,REF4630
219675342329,BK401,56283,REF4211
7240202787,BK919,91888,REF7538
443337217133,BK794,4905,REF1475
7511974636,BK981,76569,REF8684
819630771250,BK086,10709,REF2207
7380722611,BK250,65071,REF2960
40469512727,BK391,9725,REF1557
8300756913,BK782,19179,REF1882
172641564370,BK335,16173,REF5761
8329794015,BK629,5792,REF6867
3915464251,BK519,88187,REF7963
6997266697,BK137,84338,REF8166
55649899203,BK883,35595,REF8929
3647071018,BK688,30692,REF6347
38200522232,BK840,47874,REF8269
71718063841,BK498,84426,REF9125
5351014296,BK827,55124,REF3454
1122388503,BK727,38077,REF5494
9851739765,BK477,42695,REF2946
842494779922,BK594,18083,REF3808
7582707852,BK223,36045,REF7642
51748339367,BK990,64987,REF4825
3269311347,BK372,90383,REF4536
733694808055,BK935,83372,REF7068
2263316125,BK995,90527,REF4802
953097783218,BK402,65460,REF5699
455286798307,BK443,10392,REF2970
6439624518,BK490,4447,REF6806
78734596034,BK615,70981,REF7142
108832170078,BK273,64622,REF3819
9706923532,BK526,90365,REF1364
9877538360,BK159,61939,REF5258
47806518146,BK152,97528,REF4119
560117579550,BK995,98874,REF2863
221457095376,BK620,12339,REF1115
9530038816,BK188,25179,REF8084
1677531937,BK813,87478,REF9016
13958139654,BK098,34604,REF3384
95292366541,BK131,76967,REF4935
237968990821,BK805,60641,REF8742
471998048297,BK171,45043,REF6442
7012251617,BK936,63143,REF3490
391311578711,BK986,73175,REF7980
92695869872,BK183,73871,REF8661
77152053648,BK983,52300,REF2724
1555023828,BK364,94041,REF9182
88708207975,BK039,31760,REF3767
58875579162,BK527,95165,REF2137
55763122188,BK888,40471,REF5117
15746585267,BK497,73810,REF4420
5031538591,BK516,78232,REF6845
6774659299,BK349,24236,REF5778
611423035582,BK982,6731,REF4906
21144770762,BK921,56164,REF4637
904897626394,BK397,20619,REF3953
7876250030,BK722,52140,REF6929
7457842179,BK161,72919,REF1276
9472666118,BK016,55259,REF2999
9302382946,BK493,48905,REF2227
5735837746,BK426,94483,REF7337
9213589284,BK108,5666,REF4735
2440603796,BK894,74530,REF1695
97290297705,BK450,63750,REF5152
550796894354,BK311,64319,REF8901
8228042721,BK739,29994,REF8470
41309066561,BK170,73832,REF8537
79872352463,BK546,5911,REF3841
677182226178,BK414,31562,REF5208
8474363889,BK251,91255,REF9733
566529019182,BK759,31065,REF2088
1332196803,BK781,37695,REF4363
73882117692,BK141,73975,REF1024
92297020288,BK274,14726,REF7144
17312940709,BK416,11148,REF6668
36331484321,BK608,35308,REF5236
832642182013,BK739,51122,REF9068
6359347425,BK891,23439,REF3235
1217972891,BK039,50210,REF8295
241841937495,BK814,71318,REF9392
3406489862,BK029,48254,REF9448
79649870927,BK958,17357,REF4747
3498397974,BK477,16930,REF4175
72061782967,BK318,31832,REF5897
129579843890,BK245,46669,REF6037
4204895393,BK748,40118,REF8427
874733604969,BK697,89109,REF9605
9198803981,BK272,7977,REF3014
88234561138,BK440,11881,REF2381
857483977726,BK748,94309,REF2098
1296738262,BK239,77462,REF4426
46736256200,BK377,74280,REF4655
241878854631,BK266,33623,REF8938
443981129128,BK926,28189,REF1187
3469790496,BK921,52198,REF6409
1540303899,BK359,55109,REF3092
5623175224,BK340,35272,REF3130
84632420268,BK389,78223,REF6242
2799419185,BK577,18278,REF9549
404894272145,BK990,77876,REF6647
961820030436,BK689,86279,REF6185
1212658517,BK003,60555,REF6776
9193327928,BK429,92832,REF8913
665541279341,BK142,72156,REF8547
87476088011,BK376,71976,REF8823
9433680407,BK670,39932,REF8355
4379564656,BK324,79374,REF7465
349170465416,BK146,42923,REF2497
3127736654,BK958,97043,REF3555
13790672863,BK293,55687,REF6409
719702098692,BK665,49851,REF3951
2089553601,BK432,46342,REF2238
222422103103,BK705,92072,REF5727
7486775090,BK949,95704,REF4965
3673255523,BK975,25042,REF6686
1740079514,BK585,37856,REF4701
92157499339,BK399,59484,REF3780
69939138979,BK817,44946,REF8398
991882573897,BK889,29804,REF2588
2844609153,BK344,61598,REF3368
6748743476,BK964,70994,REF6789
41799817992,BK140,50341,REF1436
4007827230,BK187,94407,REF3828
84169874618,BK805,28151,REF2556
3280540845,BK061,9084,REF8570
256169293561,BK997,6416,REF8480
1665041181,BK939,97369,REF1182
8907024284,BK380,23301,REF8190
18286838907,BK710,41578,REF7687
3851434985,BK807,97549,REF6565
3777376962,BK440,46861,REF8241
25293012996,BK319,99952,REF8651
748553185255,BK302,54833,REF6575
783198030124,BK344,23322,REF2589
40087439958,BK011,43118,REF9851
90732794505,BK062,66928,REF1159
28682031924,BK845,34181,REF7555
12410473231,BK226,41789,REF9244
17685998148,BK153,68838,REF7846
464377115382,BK711,98733,REF3307
843335827363,BK564,12421,REF2228
86054929795,BK772,57019,REF8226
9102515770,BK571,15432,REF6590
32164898661,BK584,42478,REF7919
8250081367,BK660,32381,REF6585
47229848506,BK861,57032,REF7046
35749036972,BK575,71239,REF5945
978077494663,BK310,99081,REF8927
5710384330,BK885,51206,REF8016
9609536771,BK243,80364,REF8758
977131824270,BK493,96784,REF6086
162634859885,BK366,96420,REF8161
466486034106,BK330,26725,REF2884
245480424700,BK107,27615,REF2809
7591824587,BK226,99863,REF4167
4259448722,BK825,31184,REF7352
26970690470,BK218,9966,REF7056
98288638844,BK937,76383,REF3437
872047733613,BK753,69262,REF7468
464420106816,BK506,61959,REF6951
212484699445,BK259,62656,REF6276
44849808121,BK888,70027,REF9859
62387415159,BK774,63047,REF8818
48723090787,BK517,89828,REF5728
49293451176,BK773,6558,REF3624
77297851063,BK054,73304,REF6738
79918912097,BK047,23187,REF5232
86200757772,BK727,24032,REF6793
862026271029,BK689,5552,REF5523
546575596171,BK521,91022,REF6571
256582959249,BK099,96330,REF3224
488582124474,BK020,60438,REF9389
11366927621,BK890,22750,REF7091
5081733962,BK753,59363,REF9662
42348714346,BK573,90363,REF7361
6120379528,BK891,56542,REF2948
314257621241,BK490,16062,REF8094
55250290519,BK419,47086,REF7318
508798391652,BK690,53430,REF4796
39865272790,BK850,681,REF1234
561977343350,BK062,173,REF4607
1515154225,BK145,41434,REF9043
9336791763,BK216,53754,REF1522
9631300774,BK003,70341,REF6904
65336161955,BK160,10644,REF5888
2136860813,BK739,4808,REF6832
63358419160,BK998,22430,REF8122
9664397751,BK781,29310,REF6842
8421217376,BK120,89891,REF2316
77049322581,BK893,10759,REF2124
40369227144,BK089,25131,REF6621
6547379763,BK329,37497,REF6423
79513536844,BK580,93957,REF3587
5913219740,BK910,33371,REF6672
24786277549,BK357,21233,REF2378
978899023163,BK610,72940,REF4374
837481894270,BK267,14066,REF2519
630961721467,BK617,28390,REF6777
872781484060,BK952,26045,REF8935
922701021306,BK323,30630,REF7093
6025220256,BK635,19887,REF9418
163105959315,BK988,55326,REF6355
387108421538,BK541,64051,REF5968
675451945844,BK649,53362,REF6574
728173805981,BK195,30921,REF5072
64718767680,BK921,32794,REF3257
7363889742,BK738,3201,REF9588
714172312426,BK332,33170,REF5424
629427624716,BK170,90546,REF4237
394941594768,BK521,64651,REF4893
7764817131,BK463,49733,REF3005
70378214324,BK040,3641,REF3016
7457226401,BK537,6182,REF2772
17445443244,BK261,42090,REF9353
926213370194,BK395,89107,REF4976
150402119640,BK955,90363,REF2751
4067550519,BK226,20291,REF9967
8025633274,BK984,28681,REF8430
80867516637,BK124,51441,REF8170
33357253803,BK975,90910,REF7469
4135372386,BK038,92971,REF4220
75243783634,BK328,28612,REF1539
3958709153,BK251,88799,REF2461
98835574615,BK901,51409,REF6184
6379628315,BK176,23482,REF9547
6763239840,BK602,49240,REF1234
6139427670,BK914,73626,REF2548
60662435022,BK454,7109,REF8480
74064356077,BK037,25441,REF5213
72036566636,BK316,56502,REF2673
8394702597,BK688,96732,REF7708
86923402131,BK973,47694,REF8982
12456035051,BK796,30121,REF3100
2743017422,BK965,63946,REF4748
362157712022,BK973,22624,REF4173
8161933624,BK593,92270,REF2815
21828783877,BK114,42001,REF4841
4783427563,BK040,70486,REF9016
470509512595,BK301,60930,REF8011
5222615382,BK224,94304,REF5493
45437281590,BK318,63540,REF1674
718161556086,BK349,36234,REF9088
37821080425,BK115,7798,REF9578
542532578106,BK698,28092,REF3158
123824229921,BK323,89580,REF3661
2049147093,BK568,76826,REF3064
4184224784,BK040,83598,REF4253
82051504920,BK866,16541,REF5979
8347415215,BK040,88350,REF8703
4269985862,BK859,94449,REF9931
277731288014,BK973,44867,REF2401
2888760404,BK749,10152,REF4259
259692235831,BK289,48365,REF4923
555177307938,BK262,9876,REF5214
932948315752,BK216,70077,REF4227
88688306002,BK147,64037,REF3745
19128165233,BK336,57916,REF7091
87912330578,BK168,28148,REF4866
461140276594,BK092,92611,REF6818
73608132984,BK353,29966,REF3222
85685209843,BK571,76305,REF3792
3856379366,BK571,5449,REF5063
56405224483,BK816,47251,REF2524
11512972610,BK681,42543,REF9224
200066327190,BK781,28280,REF7198
239128196963,BK363,78825,REF5025
394157029225,BK557,39289,REF3566
262994382625,BK345,23898,REF3803
178670129101,BK693,17640,REF4709
449934494925,BK170,61073,REF7155
23004490543,BK356,35154,REF1719
478313039327,BK191,52171,REF7516
478645514781,BK667,96728,REF5579
1868706409,BK422,91084,REF1972
69844732071,BK700,77370,REF4718
16336672539,BK007,50989,REF8395
80649549228,BK133,97671,REF5402
630369822631,BK747,6989,REF5552
703100008411,BK557,26199,REF3207
772677572569,BK826,42610,REF5426
2769162139,BK761,59570,REF7919
870821807124,BK031,78050,REF9835
9037589412,BK535,61568,REF9386
46716107539,BK426,86215,REF9680
305977101956,BK394,6920,REF3204
3395911506,BK672,57723,REF6345
3727749795,BK363,46867,REF4276
646860082631,BK437,34974,REF2102
28571717442,BK670,85677,REF6243
86202952826,BK551,25237,REF7614
41886147677,BK927,5988,REF9707
5239786592,BK082,87537,REF6223
4160676068,BK356,17163,REF9584
4275221780,BK258,59775,REF1630
8468116858,BK718,99094,REF7683
55801039775,BK589,39081,REF1277
224984189417,BK989,69529,REF1232
9318764254,BK524,9513,REF6690
5892515040,BK295,60713,REF8659
19516378199,BK962,64389,REF1025
670755840090,BK224,95467,REF8468
992948013592,BK525,57876,REF7410
33841584001,BK046,16915,REF9652
44417159129,BK667,45848,REF4764
663993365291,BK113,58289,REF7599
5621182257,BK233,89499,REF6102
916270107449,BK017,26816,REF8006
54886423624,BK360,45010,REF4483
7565320631,BK223,22178,REF2994
7743242493,BK866,70129,REF9682
17016920450,BK700,38724,REF2072
66971239442,BK448,54103,REF7707
46805751586,BK856,55429,REF1215
400417409640,BK365,49155,REF8605
729642051331,BK675,77435,REF3606
4816253667,BK326,92959,REF9350
80923043496,BK467,77821,REF5781
6198367352,BK414,2471,REF4313
7954138340,BK455,14301,REF8763
4109029397,BK586,46814,REF6939
9403829932,BK233,76981,REF3295
89649676326,BK224,93481,REF6685
8676085027,BK994,64956,REF2696
99408188785,BK831,98999,REF2946
48225733645,BK412,84090,REF3783
893694822919,BK572,61342,REF4644
49952015742,BK335,77804,REF6241
940722421727,BK222,30851,REF7420
57116415196,BK037,48768,REF8557
50097006974,BK989,76282,REF3645
74158690164,BK278,37653,REF7589
773881911513,BK196,50418,REF7353
525022239818,BK916,43960,REF2932
6372077466,BK864,56859,REF2757
